<?xml version="1.0" encoding="utf-8"?>
<ArrayOfGenericItem xmlns:xsi="http://www.w3.org/2001/XMLSchema-instance" xmlns:xsd="http://www.w3.org/2001/XMLSchema">
  <GenericItem>
    <ID>0</ID>
    <cheched>false</cheched>
    <Description>Maecenas ut auctor velit, eget venenatis turpis. </Description>
    <Date>2022-11-28T06:00:00</Date>
  </GenericItem>
  <GenericItem>
    <ID>1</ID>
    <cheched>false</cheched>
    <Description>Cras consectetur, lacus id vestibulum fringilla, quam metus dictum augue, nec commodo augue sem in erat. Donec id dui risus. </Description>
    <Date>2022-11-28T07:00:00</Date>
  </GenericItem>
  <GenericItem>
    <ID>2</ID>
    <cheched>false</cheched>
    <Description>Curabitur eu turpis quis odio venenatis feugiat. Vivamus nec congue ante. Nam vehicula, nulla viverra convallis gravida, justo neque condimentum sapien, in laoreet dui dolor vel sapien. Integer sit amet purus at tortor pharetra dignissim.</Description>
    <Date>2022-11-28T10:00:00</Date>
  </GenericItem>
  <GenericItem>
    <ID>3</ID>
    <cheched>false</cheched>
    <Description>Ut finibus nibh at nunc malesuada, eget eleifend quam faucibus. Nulla facilisi.</Description>
    <Date>2022-11-28T14:00:00</Date>
  </GenericItem>
  <GenericItem>
    <ID>4</ID>
    <cheched>false</cheched>
    <Description> Vestibulum sit amet sem porta, congue lacus pharetra, sollicitudin ligula. Nullam scelerisque ultrices ipsum a aliquet. Donec laoreet at lorem sed dictum. </Description>
    <Date>2022-11-28T18:00:00</Date>
  </GenericItem>
  <GenericItem>
    <ID>5</ID>
    <cheched>false</cheched>
    <Description>Sed ut placerat lectus, molestie tempor erat. Nullam facilisis odio sed magna ullamcorper rutrum ut eu turpis. Etiam tristique libero sed auctor pretium.</Description>
    <Date>2022-11-28T21:00:00</Date>
  </GenericItem>
</ArrayOfGenericItem>