<?xml version="1.0" encoding="utf-8"?>
<ArrayOfGenericItem xmlns:xsi="http://www.w3.org/2001/XMLSchema-instance" xmlns:xsd="http://www.w3.org/2001/XMLSchema">
  <GenericItem>
    <ID>1</ID>
    <cheched>false</cheched>
    <Title>Lorem Ipsum</Title>
    <Description> Lorem ipsum dolor sit amet, consectetur adipiscing elit. Cras suscipit enim nec lectus interdum, vel gravida odio lacinia. Ut ligula ex, volutpat a neque nec, sollicitudin imperdiet nisl. Donec massa nisi, elementum quis mi non, pulvinar convallis massa. Proin vitae mi quis nibh dignissim sagittis nec et nulla. Morbi commodo tellus lectus, ac vehicula erat venenatis id. Sed pharetra elit id massa blandit scelerisque. Nullam a accumsan nulla. Quisque iaculis commodo eros, feugiat condimentum velit porta eget. Duis lacinia faucibus massa.

Aenean congue sed odio non convallis. Sed ac est mauris. Curabitur non dictum felis. Integer tempus, erat in hendrerit bibendum, mauris ante commodo tellus, nec convallis neque felis sit amet diam. Sed consequat dignissim magna, at aliquet lectus luctus at. Curabitur dolor est, pulvinar eget dignissim quis, mollis euismod diam. Nunc sit amet ligula non magna varius congue et in tortor. Duis tellus metus, tristique sed nibh convallis, volutpat pulvinar quam. Etiam erat risus, cursus non auctor pretium, pellentesque at dolor. Vivamus vestibulum cursus justo ut mollis. 
 Maecenas ut auctor velit, eget venenatis turpis. Nulla rhoncus porttitor elit. Proin viverra scelerisque mauris. Sed scelerisque nunc massa, sed auctor lacus suscipit eget. Suspendisse dui turpis, egestas at nisi ac, facilisis pharetra felis. Integer non velit nunc. In condimentum ultrices justo, et feugiat mi fermentum nec. Nulla in viverra nulla. Orci varius natoque penatibus et magnis dis parturient montes, nascetur ridiculus mus. Vestibulum vel condimentum tellus. Cras consectetur, lacus id vestibulum fringilla, quam metus dictum augue, nec commodo augue sem in erat. Donec id dui risus.

Curabitur eu turpis quis odio venenatis feugiat. Vivamus nec congue ante. Nam vehicula, nulla viverra convallis gravida, justo neque condimentum sapien, in laoreet dui dolor vel sapien. Integer sit amet purus at tortor pharetra dignissim. Donec in vestibulum mauris. In eu tortor in risus dignissim cursus. Praesent euismod leo at ex egestas elementum. Phasellus sem quam, semper quis neque vitae, dapibus lacinia enim. Phasellus malesuada eget turpis id malesuada. Vivamus et faucibus lacus, ac luctus libero. </Description>
    <Date>2022-11-28T00:00:00+01:00</Date>
  </GenericItem>
</ArrayOfGenericItem>