<?xml version="1.0" encoding="utf-8"?>
<ArrayOfGenericItem xmlns:xsi="http://www.w3.org/2001/XMLSchema-instance" xmlns:xsd="http://www.w3.org/2001/XMLSchema">
  <GenericItem>
    <ID>0</ID>
    <cheched>false</cheched>
    <Description>Lorem ipsum dolor sit amet, consectetur adipiscing elit. Cras suscipit enim nec lectus interdum, vel gravida odio lacinia. Ut ligula ex, volutpat a neque nec, sollicitudin imperdiet nisl. Donec massa nisi, elementum quis mi non, pulvinar convallis massa. Proin vitae mi quis nibh dignissim sagittis nec et nulla. </Description>
    <Date>2022-11-28T00:00:00+01:00</Date>
  </GenericItem>
</ArrayOfGenericItem>