<?xml version="1.0" encoding="utf-8"?>
<ArrayOfGenericItem xmlns:xsi="http://www.w3.org/2001/XMLSchema-instance" xmlns:xsd="http://www.w3.org/2001/XMLSchema">
  <GenericItem>
    <ID>0</ID>
    <cheched>false</cheched>
    <Description>Sed ut placerat lectus, molestie tempor erat. Nullam facilisis odio sed magna ullamcorper rutrum ut eu turpis. Etiam tristique libero sed auctor pretium</Description>
    <Date>2022-11-28T00:00:00+01:00</Date>
  </GenericItem>
  <GenericItem>
    <ID>1</ID>
    <cheched>false</cheched>
    <Description>Maecenas ut auctor velit, eget venenatis turpis. Nulla rhoncus porttitor elit. Proin viverra scelerisque mauris. Sed scelerisque nunc massa, sed auctor lacus suscipit eget.</Description>
    <Date>2022-11-28T00:00:00+01:00</Date>
  </GenericItem>
  <GenericItem>
    <ID>2</ID>
    <cheched>false</cheched>
    <Description>Cras consectetur, lacus id vestibulum fringilla, quam metus dictum augue, nec commodo augue sem in erat. Donec id dui risus. </Description>
    <Date>2022-11-28T00:00:00+01:00</Date>
  </GenericItem>
  <GenericItem>
    <ID>3</ID>
    <cheched>false</cheched>
    <Description>Lorem ipsum dolor sit amet, consectetur adipiscing elit. Cras suscipit enim nec lectus interdum, vel gravida odio lacinia. Ut ligula ex, volutpat a neque nec, sollicitudin imperdiet nisl.</Description>
    <Date>2022-11-28T00:00:00+01:00</Date>
  </GenericItem>
  <GenericItem>
    <ID>4</ID>
    <cheched>false</cheched>
    <Description>Morbi commodo tellus lectus, ac vehicula erat venenatis id. Sed pharetra elit id massa blandit scelerisque. </Description>
    <Date>2022-11-28T00:00:00+01:00</Date>
  </GenericItem>
  <GenericItem>
    <ID>5</ID>
    <cheched>false</cheched>
    <Description>Sed ac est mauris. Curabitur non dictum felis. Integer tempus, erat in hendrerit bibendum, mauris ante commodo tellus, nec convallis neque felis sit amet diam. </Description>
    <Date>2022-11-28T00:00:00+01:00</Date>
  </GenericItem>
</ArrayOfGenericItem>